CategoriaID,Categoria,Producto,UnitPrice,Cantidad,Total,SUM,AVG,COUNT,MAX,MIN
26,Shorts,"Women's Mountain Shorts, S",41.9940,100,4199.4000,54312.24,4177.86,13,4199.4000,4059.4200
26,Shorts,"Women's Mountain Shorts, L",41.9940,100,4199.4000,54312.24,4177.86,13,4199.4000,4059.4200
26,Shorts,"Women's Mountain Shorts, L",41.9940,100,4199.4000,54312.24,4177.86,13,4199.4000,4059.4200
26,Shorts,"Women's Mountain Shorts, S",41.9940,100,4199.4000,54312.24,4177.86,13,4199.4000,4059.4200
26,Shorts,"Women's Mountain Shorts, M",41.9940,100,4199.4000,54312.24,4177.86,13,4199.4000,4059.4200
26,Shorts,"Women's Mountain Shorts, S",40.5942,100,4059.4200,54312.24,4177.86,13,4199.4000,4059.4200
26,Shorts,"Women's Mountain Shorts, S",41.9940,100,4199.4000,54312.24,4177.86,13,4199.4000,4059.4200
26,Shorts,"Women's Mountain Shorts, L",41.9940,100,4199.4000,54312.24,4177.86,13,4199.4000,4059.4200
26,Shorts,"Women's Mountain Shorts, L",41.9940,100,4199.4000,54312.24,4177.86,13,4199.4000,4059.4200
26,Shorts,"Women's Mountain Shorts, S",41.9940,100,4199.4000,54312.24,4177.86,13,4199.4000,4059.4200
26,Shorts,"Women's Mountain Shorts, S",40.5942,100,4059.4200,54312.24,4177.86,13,4199.4000,4059.4200
26,Shorts,"Women's Mountain Shorts, L",41.9940,100,4199.4000,54312.24,4177.86,13,4199.4000,4059.4200
26,Shorts,"Women's Mountain Shorts, M",41.9940,100,4199.4000,54312.24,4177.86,13,4199.4000,4059.4200
27,Socks,"Racing Socks, L",5.3940,100,539.4000,6418.86,534.91,12,539.4000,521.4200
27,Socks,"Racing Socks, L",5.3940,100,539.4000,6418.86,534.91,12,539.4000,521.4200
27,Socks,"Racing Socks, M",5.3940,100,539.4000,6418.86,534.91,12,539.4000,521.4200
27,Socks,"Racing Socks, L",5.2142,100,521.4200,6418.86,534.91,12,539.4000,521.4200
27,Socks,"Racing Socks, M",5.3940,100,539.4000,6418.86,534.91,12,539.4000,521.4200
27,Socks,"Racing Socks, L",5.3940,100,539.4000,6418.86,534.91,12,539.4000,521.4200
27,Socks,"Racing Socks, M",5.3940,100,539.4000,6418.86,534.91,12,539.4000,521.4200
27,Socks,"Racing Socks, L",5.2142,100,521.4200,6418.86,534.91,12,539.4000,521.4200
27,Socks,"Racing Socks, M",5.3940,100,539.4000,6418.86,534.91,12,539.4000,521.4200
27,Socks,"Racing Socks, L",5.2142,100,521.4200,6418.86,534.91,12,539.4000,521.4200
27,Socks,"Racing Socks, M",5.3940,100,539.4000,6418.86,534.91,12,539.4000,521.4200
27,Socks,"Racing Socks, L",5.3940,100,539.4000,6418.86,534.91,12,539.4000,521.4200
20,Touring Frames,"HL Touring Frame - Yellow, 60",602.3460,100,60234.6000,802617.00,44589.83,18,60234.6000,20005.2000
20,Touring Frames,"LL Touring Frame - Yellow, 62",200.0520,100,20005.2000,802617.00,44589.83,18,60234.6000,20005.2000
20,Touring Frames,"HL Touring Frame - Blue, 54",602.3460,100,60234.6000,802617.00,44589.83,18,60234.6000,20005.2000
20,Touring Frames,"HL Touring Frame - Blue, 60",602.3460,100,60234.6000,802617.00,44589.83,18,60234.6000,20005.2000
20,Touring Frames,"HL Touring Frame - Yellow, 60",602.3460,100,60234.6000,802617.00,44589.83,18,60234.6000,20005.2000
20,Touring Frames,"LL Touring Frame - Yellow, 44",200.0520,100,20005.2000,802617.00,44589.83,18,60234.6000,20005.2000
20,Touring Frames,"HL Touring Frame - Yellow, 54",602.3460,100,60234.6000,802617.00,44589.83,18,60234.6000,20005.2000
20,Touring Frames,"LL Touring Frame - Blue, 50",200.0520,100,20005.2000,802617.00,44589.83,18,60234.6000,20005.2000
20,Touring Frames,"LL Touring Frame - Blue, 54",200.0520,100,20005.2000,802617.00,44589.83,18,60234.6000,20005.2000
20,Touring Frames,"LL Touring Frame - Yellow, 50",200.0520,100,20005.2000,802617.00,44589.83,18,60234.6000,20005.2000
20,Touring Frames,"HL Touring Frame - Blue, 60",602.3460,100,60234.6000,802617.00,44589.83,18,60234.6000,20005.2000
20,Touring Frames,"HL Touring Frame - Blue, 50",602.3460,100,60234.6000,802617.00,44589.83,18,60234.6000,20005.2000
20,Touring Frames,"LL Touring Frame - Yellow, 44",200.0520,100,20005.2000,802617.00,44589.83,18,60234.6000,20005.2000
20,Touring Frames,"LL Touring Frame - Yellow, 50",200.0520,100,20005.2000,802617.00,44589.83,18,60234.6000,20005.2000
20,Touring Frames,"HL Touring Frame - Blue, 54",602.3460,100,60234.6000,802617.00,44589.83,18,60234.6000,20005.2000
20,Touring Frames,"HL Touring Frame - Blue, 60",602.3460,100,60234.6000,802617.00,44589.83,18,60234.6000,20005.2000
20,Touring Frames,"HL Touring Frame - Yellow, 60",602.3460,100,60234.6000,802617.00,44589.83,18,60234.6000,20005.2000
20,Touring Frames,"HL Touring Frame - Yellow, 54",602.3460,100,60234.6000,802617.00,44589.83,18,60234.6000,20005.2000
35,Helmets,"Sport-100 Helmet, Black",20.9940,100,2099.4000,41603.11,2080.16,20,2099.4000,1924.4500
35,Helmets,"Sport-100 Helmet, Blue",20.9940,100,2099.4000,41603.11,2080.16,20,2099.4000,1924.4500
35,Helmets,"Sport-100 Helmet, Red",20.9940,100,2099.4000,41603.11,2080.16,20,2099.4000,1924.4500
35,Helmets,"Sport-100 Helmet, Blue",19.2445,100,1924.4500,41603.11,2080.16,20,2099.4000,1924.4500
35,Helmets,"Sport-100 Helmet, Red",20.9940,100,2099.4000,41603.11,2080.16,20,2099.4000,1924.4500
35,Helmets,"Sport-100 Helmet, Black",20.2942,100,2029.4200,41603.11,2080.16,20,2099.4000,1924.4500
35,Helmets,"Sport-100 Helmet, Blue",20.9940,100,2099.4000,41603.11,2080.16,20,2099.4000,1924.4500
35,Helmets,"Sport-100 Helmet, Red",20.9940,100,2099.4000,41603.11,2080.16,20,2099.4000,1924.4500
35,Helmets,"Sport-100 Helmet, Black",20.2942,100,2029.4200,41603.11,2080.16,20,2099.4000,1924.4500
35,Helmets,"Sport-100 Helmet, Blue",20.9940,100,2099.4000,41603.11,2080.16,20,2099.4000,1924.4500
35,Helmets,"Sport-100 Helmet, Red",20.9940,100,2099.4000,41603.11,2080.16,20,2099.4000,1924.4500
35,Helmets,"Sport-100 Helmet, Black",20.2942,100,2029.4200,41603.11,2080.16,20,2099.4000,1924.4500
35,Helmets,"Sport-100 Helmet, Blue",20.9940,100,2099.4000,41603.11,2080.16,20,2099.4000,1924.4500
35,Helmets,"Sport-100 Helmet, Red",20.9940,100,2099.4000,41603.11,2080.16,20,2099.4000,1924.4500
35,Helmets,"Sport-100 Helmet, Black",20.9940,100,2099.4000,41603.11,2080.16,20,2099.4000,1924.4500
35,Helmets,"Sport-100 Helmet, Blue",20.9940,100,2099.4000,41603.11,2080.16,20,2099.4000,1924.4500
35,Helmets,"Sport-100 Helmet, Red",20.9940,100,2099.4000,41603.11,2080.16,20,2099.4000,1924.4500
35,Helmets,"Sport-100 Helmet, Red",20.9940,100,2099.4000,41603.11,2080.16,20,2099.4000,1924.4500
35,Helmets,"Sport-100 Helmet, Blue",20.9940,100,2099.4000,41603.11,2080.16,20,2099.4000,1924.4500
35,Helmets,"Sport-100 Helmet, Black",20.9940,100,2099.4000,41603.11,2080.16,20,2099.4000,1924.4500
8,Handlebars,ML Mountain Handlebars,37.1520,100,3715.2000,78057.00,4878.56,16,7216.2000,2672.4000
8,Handlebars,HL Mountain Handlebars,72.1620,100,7216.2000,78057.00,4878.56,16,7216.2000,2672.4000
8,Handlebars,HL Road Handlebars,72.1620,100,7216.2000,78057.00,4878.56,16,7216.2000,2672.4000
8,Handlebars,HL Touring Handlebars,54.9420,100,5494.2000,78057.00,4878.56,16,7216.2000,2672.4000
8,Handlebars,HL Road Handlebars,72.1620,100,7216.2000,78057.00,4878.56,16,7216.2000,2672.4000
8,Handlebars,HL Mountain Handlebars,72.1620,100,7216.2000,78057.00,4878.56,16,7216.2000,2672.4000
8,Handlebars,LL Mountain Handlebars,26.7240,100,2672.4000,78057.00,4878.56,16,7216.2000,2672.4000
8,Handlebars,ML Mountain Handlebars,37.1520,100,3715.2000,78057.00,4878.56,16,7216.2000,2672.4000
8,Handlebars,ML Mountain Handlebars,37.1520,100,3715.2000,78057.00,4878.56,16,7216.2000,2672.4000
8,Handlebars,LL Mountain Handlebars,26.7240,100,2672.4000,78057.00,4878.56,16,7216.2000,2672.4000
8,Handlebars,LL Mountain Handlebars,26.7240,100,2672.4000,78057.00,4878.56,16,7216.2000,2672.4000
8,Handlebars,HL Mountain Handlebars,72.1620,100,7216.2000,78057.00,4878.56,16,7216.2000,2672.4000
8,Handlebars,ML Mountain Handlebars,37.1520,100,3715.2000,78057.00,4878.56,16,7216.2000,2672.4000
8,Handlebars,LL Mountain Handlebars,26.7240,100,2672.4000,78057.00,4878.56,16,7216.2000,2672.4000
8,Handlebars,ML Mountain Handlebars,37.1520,100,3715.2000,78057.00,4878.56,16,7216.2000,2672.4000
8,Handlebars,HL Road Handlebars,72.1620,100,7216.2000,78057.00,4878.56,16,7216.2000,2672.4000
19,Saddles,HL Touring Seat/Saddle,31.5840,100,3158.4000,43510.80,2719.43,16,3158.4000,1627.2000
19,Saddles,HL Touring Seat/Saddle,31.5840,100,3158.4000,43510.80,2719.43,16,3158.4000,1627.2000
19,Saddles,HL Touring Seat/Saddle,31.5840,100,3158.4000,43510.80,2719.43,16,3158.4000,1627.2000
19,Saddles,HL Road Seat/Saddle,31.5840,100,3158.4000,43510.80,2719.43,16,3158.4000,1627.2000
19,Saddles,LL Mountain Seat/Saddle,16.2720,100,1627.2000,43510.80,2719.43,16,3158.4000,1627.2000
19,Saddles,HL Mountain Seat/Saddle,31.5840,100,3158.4000,43510.80,2719.43,16,3158.4000,1627.2000
19,Saddles,ML Mountain Seat/Saddle,23.4840,100,2348.4000,43510.80,2719.43,16,3158.4000,1627.2000
19,Saddles,HL Mountain Seat/Saddle,31.5840,100,3158.4000,43510.80,2719.43,16,3158.4000,1627.2000
19,Saddles,ML Mountain Seat/Saddle,23.4840,100,2348.4000,43510.80,2719.43,16,3158.4000,1627.2000
19,Saddles,HL Touring Seat/Saddle,31.5840,100,3158.4000,43510.80,2719.43,16,3158.4000,1627.2000
19,Saddles,LL Mountain Seat/Saddle,16.2720,100,1627.2000,43510.80,2719.43,16,3158.4000,1627.2000
19,Saddles,HL Mountain Seat/Saddle,31.5840,100,3158.4000,43510.80,2719.43,16,3158.4000,1627.2000
19,Saddles,HL Mountain Seat/Saddle,31.5840,100,3158.4000,43510.80,2719.43,16,3158.4000,1627.2000
19,Saddles,LL Mountain Seat/Saddle,16.2720,100,1627.2000,43510.80,2719.43,16,3158.4000,1627.2000
19,Saddles,ML Mountain Seat/Saddle,23.4840,100,2348.4000,43510.80,2719.43,16,3158.4000,1627.2000
19,Saddles,HL Touring Seat/Saddle,31.5840,100,3158.4000,43510.80,2719.43,16,3158.4000,1627.2000
29,Vests,"Classic Vest, S",38.1000,100,3810.0000,60007.50,3750.47,16,3810.0000,3492.5000
29,Vests,"Classic Vest, M",38.1000,100,3810.0000,60007.50,3750.47,16,3810.0000,3492.5000
29,Vests,"Classic Vest, S",34.9250,100,3492.5000,60007.50,3750.47,16,3810.0000,3492.5000
29,Vests,"Classic Vest, M",38.1000,100,3810.0000,60007.50,3750.47,16,3810.0000,3492.5000
29,Vests,"Classic Vest, M",38.1000,100,3810.0000,60007.50,3750.47,16,3810.0000,3492.5000
29,Vests,"Classic Vest, S",34.9250,100,3492.5000,60007.50,3750.47,16,3810.0000,3492.5000
29,Vests,"Classic Vest, M",38.1000,100,3810.0000,60007.50,3750.47,16,3810.0000,3492.5000
29,Vests,"Classic Vest, S",34.9250,100,3492.5000,60007.50,3750.47,16,3810.0000,3492.5000
29,Vests,"Classic Vest, S",38.1000,100,3810.0000,60007.50,3750.47,16,3810.0000,3492.5000
29,Vests,"Classic Vest, S",38.1000,100,3810.0000,60007.50,3750.47,16,3810.0000,3492.5000
29,Vests,"Classic Vest, S",38.1000,100,3810.0000,60007.50,3750.47,16,3810.0000,3492.5000
29,Vests,"Classic Vest, S",38.1000,100,3810.0000,60007.50,3750.47,16,3810.0000,3492.5000
29,Vests,"Classic Vest, M",38.1000,100,3810.0000,60007.50,3750.47,16,3810.0000,3492.5000
29,Vests,"Classic Vest, S",38.1000,100,3810.0000,60007.50,3750.47,16,3810.0000,3492.5000
29,Vests,"Classic Vest, S",38.1000,100,3810.0000,60007.50,3750.47,16,3810.0000,3492.5000
29,Vests,"Classic Vest, M",38.1000,100,3810.0000,60007.50,3750.47,16,3810.0000,3492.5000
6,Road Bikes,"Road-250 Black, 44",1466.0100,100,146601.0000,4057833.12,82812.92,49,146601.0000,32399.4000
6,Road Bikes,"Road-750 Black, 58",323.9940,100,32399.4000,4057833.12,82812.92,49,146601.0000,32399.4000
6,Road Bikes,"Road-350-W Yellow, 48",850.4950,100,85049.5000,4057833.12,82812.92,49,146601.0000,32399.4000
6,Road Bikes,"Road-550-W Yellow, 42",672.2940,100,67229.4000,4057833.12,82812.92,49,146601.0000,32399.4000
6,Road Bikes,"Road-750 Black, 48",323.9940,100,32399.4000,4057833.12,82812.92,49,146601.0000,32399.4000
6,Road Bikes,"Road-750 Black, 52",323.9940,100,32399.4000,4057833.12,82812.92,49,146601.0000,32399.4000
6,Road Bikes,"Road-550-W Yellow, 38",672.2940,100,67229.4000,4057833.12,82812.92,49,146601.0000,32399.4000
6,Road Bikes,"Road-550-W Yellow, 40",672.2940,100,67229.4000,4057833.12,82812.92,49,146601.0000,32399.4000
6,Road Bikes,"Road-550-W Yellow, 48",672.2940,100,67229.4000,4057833.12,82812.92,49,146601.0000,32399.4000
6,Road Bikes,"Road-350-W Yellow, 40",1020.5940,100,102059.4000,4057833.12,82812.92,49,146601.0000,32399.4000
6,Road Bikes,"Road-350-W Yellow, 42",986.5742,100,98657.4200,4057833.12,82812.92,49,146601.0000,32399.4000
6,Road Bikes,"Road-750 Black, 58",323.9940,100,32399.4000,4057833.12,82812.92,49,146601.0000,32399.4000
6,Road Bikes,"Road-550-W Yellow, 40",672.2940,100,67229.4000,4057833.12,82812.92,49,146601.0000,32399.4000
6,Road Bikes,"Road-550-W Yellow, 48",672.2940,100,67229.4000,4057833.12,82812.92,49,146601.0000,32399.4000
6,Road Bikes,"Road-750 Black, 48",323.9940,100,32399.4000,4057833.12,82812.92,49,146601.0000,32399.4000
6,Road Bikes,"Road-750 Black, 52",323.9940,100,32399.4000,4057833.12,82812.92,49,146601.0000,32399.4000
6,Road Bikes,"Road-250 Black, 48",1466.0100,100,146601.0000,4057833.12,82812.92,49,146601.0000,32399.4000
6,Road Bikes,"Road-250 Black, 52",1466.0100,100,146601.0000,4057833.12,82812.92,49,146601.0000,32399.4000
6,Road Bikes,"Road-550-W Yellow, 38",672.2940,100,67229.4000,4057833.12,82812.92,49,146601.0000,32399.4000
6,Road Bikes,"Road-350-W Yellow, 48",1020.5940,100,102059.4000,4057833.12,82812.92,49,146601.0000,32399.4000
6,Road Bikes,"Road-250 Black, 44",1466.0100,100,146601.0000,4057833.12,82812.92,49,146601.0000,32399.4000
6,Road Bikes,"Road-350-W Yellow, 42",1020.5940,100,102059.4000,4057833.12,82812.92,49,146601.0000,32399.4000
6,Road Bikes,"Road-350-W Yellow, 40",1020.5940,100,102059.4000,4057833.12,82812.92,49,146601.0000,32399.4000
6,Road Bikes,"Road-750 Black, 48",323.9940,100,32399.4000,4057833.12,82812.92,49,146601.0000,32399.4000
6,Road Bikes,"Road-350-W Yellow, 40",1020.5940,100,102059.4000,4057833.12,82812.92,49,146601.0000,32399.4000
6,Road Bikes,"Road-750 Black, 52",323.9940,100,32399.4000,4057833.12,82812.92,49,146601.0000,32399.4000
6,Road Bikes,"Road-350-W Yellow, 40",1020.5940,100,102059.4000,4057833.12,82812.92,49,146601.0000,32399.4000
6,Road Bikes,"Road-350-W Yellow, 48",1020.5940,100,102059.4000,4057833.12,82812.92,49,146601.0000,32399.4000
6,Road Bikes,"Road-350-W Yellow, 40",1020.5940,100,102059.4000,4057833.12,82812.92,49,146601.0000,32399.4000
6,Road Bikes,"Road-350-W Yellow, 48",1020.5940,100,102059.4000,4057833.12,82812.92,49,146601.0000,32399.4000
6,Road Bikes,"Road-750 Black, 48",323.9940,100,32399.4000,4057833.12,82812.92,49,146601.0000,32399.4000
6,Road Bikes,"Road-350-W Yellow, 40",1020.5940,100,102059.4000,4057833.12,82812.92,49,146601.0000,32399.4000
6,Road Bikes,"Road-350-W Yellow, 42",1020.5940,100,102059.4000,4057833.12,82812.92,49,146601.0000,32399.4000
6,Road Bikes,"Road-250 Red, 58",1466.0100,100,146601.0000,4057833.12,82812.92,49,146601.0000,32399.4000
6,Road Bikes,"Road-350-W Yellow, 48",1020.5940,100,102059.4000,4057833.12,82812.92,49,146601.0000,32399.4000
6,Road Bikes,"Road-550-W Yellow, 40",672.2940,100,67229.4000,4057833.12,82812.92,49,146601.0000,32399.4000
6,Road Bikes,"Road-550-W Yellow, 42",672.2940,100,67229.4000,4057833.12,82812.92,49,146601.0000,32399.4000
6,Road Bikes,"Road-750 Black, 52",323.9940,100,32399.4000,4057833.12,82812.92,49,146601.0000,32399.4000
6,Road Bikes,"Road-750 Black, 48",323.9940,100,32399.4000,4057833.12,82812.92,49,146601.0000,32399.4000
6,Road Bikes,"Road-250 Black, 58",1466.0100,100,146601.0000,4057833.12,82812.92,49,146601.0000,32399.4000
6,Road Bikes,"Road-750 Black, 44",323.9940,100,32399.4000,4057833.12,82812.92,49,146601.0000,32399.4000
6,Road Bikes,"Road-250 Black, 52",1466.0100,100,146601.0000,4057833.12,82812.92,49,146601.0000,32399.4000
6,Road Bikes,"Road-350-W Yellow, 44",1020.5940,100,102059.4000,4057833.12,82812.92,49,146601.0000,32399.4000
6,Road Bikes,"Road-250 Black, 44",1466.0100,100,146601.0000,4057833.12,82812.92,49,146601.0000,32399.4000
6,Road Bikes,"Road-550-W Yellow, 38",672.2940,100,67229.4000,4057833.12,82812.92,49,146601.0000,32399.4000
6,Road Bikes,"Road-750 Black, 58",323.9940,100,32399.4000,4057833.12,82812.92,49,146601.0000,32399.4000
6,Road Bikes,"Road-550-W Yellow, 48",672.2940,100,67229.4000,4057833.12,82812.92,49,146601.0000,32399.4000
6,Road Bikes,"Road-250 Black, 48",1466.0100,100,146601.0000,4057833.12,82812.92,49,146601.0000,32399.4000
6,Road Bikes,"Road-550-W Yellow, 44",672.2940,100,67229.4000,4057833.12,82812.92,49,146601.0000,32399.4000
16,Mountain Frames,"ML Mountain Frame-W - Silver, 42",218.4540,100,21845.4000,1833402.60,39008.57,47,81870.0000,14987.4000
16,Mountain Frames,"HL Mountain Frame - Silver, 38",818.7000,100,81870.0000,1833402.60,39008.57,47,81870.0000,14987.4000
16,Mountain Frames,"LL Mountain Frame - Black, 48",149.8740,100,14987.4000,1833402.60,39008.57,47,81870.0000,14987.4000
16,Mountain Frames,"HL Mountain Frame - Black, 42",809.7600,100,80976.0000,1833402.60,39008.57,47,81870.0000,14987.4000
16,Mountain Frames,"LL Mountain Frame - Silver, 44",158.4300,100,15843.0000,1833402.60,39008.57,47,81870.0000,14987.4000
16,Mountain Frames,"LL Mountain Frame - Black, 44",149.8740,100,14987.4000,1833402.60,39008.57,47,81870.0000,14987.4000
16,Mountain Frames,"LL Mountain Frame - Silver, 44",158.4300,100,15843.0000,1833402.60,39008.57,47,81870.0000,14987.4000
16,Mountain Frames,"LL Mountain Frame - Black, 44",149.8740,100,14987.4000,1833402.60,39008.57,47,81870.0000,14987.4000
16,Mountain Frames,"HL Mountain Frame - Black, 42",809.7600,100,80976.0000,1833402.60,39008.57,47,81870.0000,14987.4000
16,Mountain Frames,"ML Mountain Frame-W - Silver, 40",218.4540,100,21845.4000,1833402.60,39008.57,47,81870.0000,14987.4000
16,Mountain Frames,"HL Mountain Frame - Silver, 38",818.7000,100,81870.0000,1833402.60,39008.57,47,81870.0000,14987.4000
16,Mountain Frames,"LL Mountain Frame - Silver, 40",158.4300,100,15843.0000,1833402.60,39008.57,47,81870.0000,14987.4000
16,Mountain Frames,"LL Mountain Frame - Black, 48",149.8740,100,14987.4000,1833402.60,39008.57,47,81870.0000,14987.4000
16,Mountain Frames,"LL Mountain Frame - Silver, 42",158.4300,100,15843.0000,1833402.60,39008.57,47,81870.0000,14987.4000
16,Mountain Frames,"LL Mountain Frame - Silver, 52",158.4300,100,15843.0000,1833402.60,39008.57,47,81870.0000,14987.4000
16,Mountain Frames,"ML Mountain Frame-W - Silver, 40",218.4540,100,21845.4000,1833402.60,39008.57,47,81870.0000,14987.4000
16,Mountain Frames,"HL Mountain Frame - Silver, 46",818.7000,100,81870.0000,1833402.60,39008.57,47,81870.0000,14987.4000
16,Mountain Frames,"HL Mountain Frame - Silver, 38",818.7000,100,81870.0000,1833402.60,39008.57,47,81870.0000,14987.4000
16,Mountain Frames,"ML Mountain Frame-W - Silver, 42",218.4540,100,21845.4000,1833402.60,39008.57,47,81870.0000,14987.4000
16,Mountain Frames,"HL Mountain Frame - Black, 38",809.7600,100,80976.0000,1833402.60,39008.57,47,81870.0000,14987.4000
16,Mountain Frames,"LL Mountain Frame - Silver, 52",158.4300,100,15843.0000,1833402.60,39008.57,47,81870.0000,14987.4000
16,Mountain Frames,"HL Mountain Frame - Black, 42",809.7600,100,80976.0000,1833402.60,39008.57,47,81870.0000,14987.4000
16,Mountain Frames,"LL Mountain Frame - Silver, 40",158.4300,100,15843.0000,1833402.60,39008.57,47,81870.0000,14987.4000
16,Mountain Frames,"LL Mountain Frame - Black, 44",149.8740,100,14987.4000,1833402.60,39008.57,47,81870.0000,14987.4000
16,Mountain Frames,"LL Mountain Frame - Black, 42",149.8740,100,14987.4000,1833402.60,39008.57,47,81870.0000,14987.4000
16,Mountain Frames,"HL Mountain Frame - Silver, 42",818.7000,100,81870.0000,1833402.60,39008.57,47,81870.0000,14987.4000
16,Mountain Frames,"HL Mountain Frame - Black, 42",809.7600,100,80976.0000,1833402.60,39008.57,47,81870.0000,14987.4000
16,Mountain Frames,"LL Mountain Frame - Silver, 40",158.4300,100,15843.0000,1833402.60,39008.57,47,81870.0000,14987.4000
16,Mountain Frames,"ML Mountain Frame-W - Silver, 40",218.4540,100,21845.4000,1833402.60,39008.57,47,81870.0000,14987.4000
16,Mountain Frames,"LL Mountain Frame - Black, 44",149.8740,100,14987.4000,1833402.60,39008.57,47,81870.0000,14987.4000
16,Mountain Frames,"LL Mountain Frame - Black, 48",149.8740,100,14987.4000,1833402.60,39008.57,47,81870.0000,14987.4000
16,Mountain Frames,"HL Mountain Frame - Silver, 38",818.7000,100,81870.0000,1833402.60,39008.57,47,81870.0000,14987.4000
16,Mountain Frames,"LL Mountain Frame - Silver, 44",158.4300,100,15843.0000,1833402.60,39008.57,47,81870.0000,14987.4000
16,Mountain Frames,"ML Mountain Frame-W - Silver, 42",218.4540,100,21845.4000,1833402.60,39008.57,47,81870.0000,14987.4000
16,Mountain Frames,"LL Mountain Frame - Silver, 40",158.4300,100,15843.0000,1833402.60,39008.57,47,81870.0000,14987.4000
16,Mountain Frames,"LL Mountain Frame - Black, 48",149.8740,100,14987.4000,1833402.60,39008.57,47,81870.0000,14987.4000
16,Mountain Frames,"ML Mountain Frame-W - Silver, 42",218.4540,100,21845.4000,1833402.60,39008.57,47,81870.0000,14987.4000
16,Mountain Frames,"HL Mountain Frame - Black, 38",809.7600,100,80976.0000,1833402.60,39008.57,47,81870.0000,14987.4000
16,Mountain Frames,"LL Mountain Frame - Black, 42",149.8740,100,14987.4000,1833402.60,39008.57,47,81870.0000,14987.4000
16,Mountain Frames,"HL Mountain Frame - Silver, 38",818.7000,100,81870.0000,1833402.60,39008.57,47,81870.0000,14987.4000
16,Mountain Frames,"LL Mountain Frame - Silver, 42",158.4300,100,15843.0000,1833402.60,39008.57,47,81870.0000,14987.4000
16,Mountain Frames,"LL Mountain Frame - Black, 44",149.8740,100,14987.4000,1833402.60,39008.57,47,81870.0000,14987.4000
16,Mountain Frames,"LL Mountain Frame - Silver, 44",158.4300,100,15843.0000,1833402.60,39008.57,47,81870.0000,14987.4000
16,Mountain Frames,"HL Mountain Frame - Black, 42",809.7600,100,80976.0000,1833402.60,39008.57,47,81870.0000,14987.4000
16,Mountain Frames,"HL Mountain Frame - Silver, 42",818.7000,100,81870.0000,1833402.60,39008.57,47,81870.0000,14987.4000
16,Mountain Frames,"ML Mountain Frame-W - Silver, 40",218.4540,100,21845.4000,1833402.60,39008.57,47,81870.0000,14987.4000
16,Mountain Frames,"HL Mountain Frame - Silver, 46",818.7000,100,81870.0000,1833402.60,39008.57,47,81870.0000,14987.4000
7,Touring Bikes,"Touring-1000 Yellow, 54",1430.4420,100,143044.2000,7207270.56,88978.65,81,143044.2000,43056.3000
7,Touring Bikes,"Touring-1000 Yellow, 46",1430.4420,100,143044.2000,7207270.56,88978.65,81,143044.2000,43056.3000
7,Touring Bikes,"Touring-3000 Blue, 58",445.4100,100,44541.0000,7207270.56,88978.65,81,143044.2000,43056.3000
7,Touring Bikes,"Touring-2000 Blue, 50",728.9100,100,72891.0000,7207270.56,88978.65,81,143044.2000,43056.3000
7,Touring Bikes,"Touring-3000 Blue, 44",445.4100,100,44541.0000,7207270.56,88978.65,81,143044.2000,43056.3000
7,Touring Bikes,"Touring-1000 Yellow, 50",1430.4420,100,143044.2000,7207270.56,88978.65,81,143044.2000,43056.3000
7,Touring Bikes,"Touring-2000 Blue, 46",728.9100,100,72891.0000,7207270.56,88978.65,81,143044.2000,43056.3000
7,Touring Bikes,"Touring-1000 Blue, 46",1430.4420,100,143044.2000,7207270.56,88978.65,81,143044.2000,43056.3000
7,Touring Bikes,"Touring-1000 Yellow, 60",1430.4420,100,143044.2000,7207270.56,88978.65,81,143044.2000,43056.3000
7,Touring Bikes,"Touring-1000 Blue, 50",1430.4420,100,143044.2000,7207270.56,88978.65,81,143044.2000,43056.3000
7,Touring Bikes,"Touring-3000 Yellow, 44",445.4100,100,44541.0000,7207270.56,88978.65,81,143044.2000,43056.3000
7,Touring Bikes,"Touring-3000 Blue, 50",445.4100,100,44541.0000,7207270.56,88978.65,81,143044.2000,43056.3000
7,Touring Bikes,"Touring-3000 Blue, 54",445.4100,100,44541.0000,7207270.56,88978.65,81,143044.2000,43056.3000
7,Touring Bikes,"Touring-3000 Yellow, 54",445.4100,100,44541.0000,7207270.56,88978.65,81,143044.2000,43056.3000
7,Touring Bikes,"Touring-2000 Blue, 60",728.9100,100,72891.0000,7207270.56,88978.65,81,143044.2000,43056.3000
7,Touring Bikes,"Touring-1000 Blue, 54",1430.4420,100,143044.2000,7207270.56,88978.65,81,143044.2000,43056.3000
7,Touring Bikes,"Touring-1000 Yellow, 46",1430.4420,100,143044.2000,7207270.56,88978.65,81,143044.2000,43056.3000
7,Touring Bikes,"Touring-2000 Blue, 46",728.9100,100,72891.0000,7207270.56,88978.65,81,143044.2000,43056.3000
7,Touring Bikes,"Touring-3000 Blue, 58",445.4100,100,44541.0000,7207270.56,88978.65,81,143044.2000,43056.3000
7,Touring Bikes,"Touring-2000 Blue, 54",728.9100,100,72891.0000,7207270.56,88978.65,81,143044.2000,43056.3000
7,Touring Bikes,"Touring-3000 Yellow, 62",430.5630,100,43056.3000,7207270.56,88978.65,81,143044.2000,43056.3000
7,Touring Bikes,"Touring-3000 Blue, 54",445.4100,100,44541.0000,7207270.56,88978.65,81,143044.2000,43056.3000
7,Touring Bikes,"Touring-3000 Yellow, 50",445.4100,100,44541.0000,7207270.56,88978.65,81,143044.2000,43056.3000
7,Touring Bikes,"Touring-1000 Yellow, 60",1382.7606,100,138276.0600,7207270.56,88978.65,81,143044.2000,43056.3000
7,Touring Bikes,"Touring-3000 Blue, 50",445.4100,100,44541.0000,7207270.56,88978.65,81,143044.2000,43056.3000
7,Touring Bikes,"Touring-3000 Yellow, 44",445.4100,100,44541.0000,7207270.56,88978.65,81,143044.2000,43056.3000
7,Touring Bikes,"Touring-3000 Yellow, 54",445.4100,100,44541.0000,7207270.56,88978.65,81,143044.2000,43056.3000
7,Touring Bikes,"Touring-2000 Blue, 60",728.9100,100,72891.0000,7207270.56,88978.65,81,143044.2000,43056.3000
7,Touring Bikes,"Touring-1000 Blue, 46",1430.4420,100,143044.2000,7207270.56,88978.65,81,143044.2000,43056.3000
7,Touring Bikes,"Touring-1000 Blue, 50",1430.4420,100,143044.2000,7207270.56,88978.65,81,143044.2000,43056.3000
7,Touring Bikes,"Touring-1000 Blue, 60",1430.4420,100,143044.2000,7207270.56,88978.65,81,143044.2000,43056.3000
7,Touring Bikes,"Touring-1000 Yellow, 50",1430.4420,100,143044.2000,7207270.56,88978.65,81,143044.2000,43056.3000
7,Touring Bikes,"Touring-2000 Blue, 54",728.9100,100,72891.0000,7207270.56,88978.65,81,143044.2000,43056.3000
7,Touring Bikes,"Touring-2000 Blue, 60",728.9100,100,72891.0000,7207270.56,88978.65,81,143044.2000,43056.3000
7,Touring Bikes,"Touring-3000 Blue, 54",445.4100,100,44541.0000,7207270.56,88978.65,81,143044.2000,43056.3000
7,Touring Bikes,"Touring-1000 Yellow, 60",1430.4420,100,143044.2000,7207270.56,88978.65,81,143044.2000,43056.3000
7,Touring Bikes,"Touring-1000 Blue, 60",1430.4420,100,143044.2000,7207270.56,88978.65,81,143044.2000,43056.3000
7,Touring Bikes,"Touring-1000 Blue, 50",1430.4420,100,143044.2000,7207270.56,88978.65,81,143044.2000,43056.3000
7,Touring Bikes,"Touring-3000 Blue, 50",445.4100,100,44541.0000,7207270.56,88978.65,81,143044.2000,43056.3000
7,Touring Bikes,"Touring-3000 Yellow, 44",445.4100,100,44541.0000,7207270.56,88978.65,81,143044.2000,43056.3000
7,Touring Bikes,"Touring-3000 Yellow, 62",445.4100,100,44541.0000,7207270.56,88978.65,81,143044.2000,43056.3000
7,Touring Bikes,"Touring-2000 Blue, 46",728.9100,100,72891.0000,7207270.56,88978.65,81,143044.2000,43056.3000
7,Touring Bikes,"Touring-1000 Yellow, 46",1430.4420,100,143044.2000,7207270.56,88978.65,81,143044.2000,43056.3000
7,Touring Bikes,"Touring-1000 Yellow, 50",1430.4420,100,143044.2000,7207270.56,88978.65,81,143044.2000,43056.3000
7,Touring Bikes,"Touring-2000 Blue, 60",728.9100,100,72891.0000,7207270.56,88978.65,81,143044.2000,43056.3000
7,Touring Bikes,"Touring-1000 Yellow, 46",1430.4420,100,143044.2000,7207270.56,88978.65,81,143044.2000,43056.3000
7,Touring Bikes,"Touring-3000 Yellow, 44",445.4100,100,44541.0000,7207270.56,88978.65,81,143044.2000,43056.3000
7,Touring Bikes,"Touring-3000 Yellow, 50",445.4100,100,44541.0000,7207270.56,88978.65,81,143044.2000,43056.3000
7,Touring Bikes,"Touring-3000 Blue, 50",445.4100,100,44541.0000,7207270.56,88978.65,81,143044.2000,43056.3000
7,Touring Bikes,"Touring-3000 Yellow, 50",445.4100,100,44541.0000,7207270.56,88978.65,81,143044.2000,43056.3000
7,Touring Bikes,"Touring-2000 Blue, 60",728.9100,100,72891.0000,7207270.56,88978.65,81,143044.2000,43056.3000
7,Touring Bikes,"Touring-1000 Yellow, 60",1430.4420,100,143044.2000,7207270.56,88978.65,81,143044.2000,43056.3000
7,Touring Bikes,"Touring-3000 Yellow, 62",445.4100,100,44541.0000,7207270.56,88978.65,81,143044.2000,43056.3000
7,Touring Bikes,"Touring-2000 Blue, 54",728.9100,100,72891.0000,7207270.56,88978.65,81,143044.2000,43056.3000
7,Touring Bikes,"Touring-3000 Blue, 54",445.4100,100,44541.0000,7207270.56,88978.65,81,143044.2000,43056.3000
7,Touring Bikes,"Touring-1000 Blue, 60",1430.4420,100,143044.2000,7207270.56,88978.65,81,143044.2000,43056.3000
7,Touring Bikes,"Touring-3000 Yellow, 44",445.4100,100,44541.0000,7207270.56,88978.65,81,143044.2000,43056.3000
7,Touring Bikes,"Touring-1000 Blue, 46",1430.4420,100,143044.2000,7207270.56,88978.65,81,143044.2000,43056.3000
7,Touring Bikes,"Touring-1000 Blue, 46",1430.4420,100,143044.2000,7207270.56,88978.65,81,143044.2000,43056.3000
7,Touring Bikes,"Touring-3000 Blue, 50",445.4100,100,44541.0000,7207270.56,88978.65,81,143044.2000,43056.3000
7,Touring Bikes,"Touring-1000 Blue, 60",1430.4420,100,143044.2000,7207270.56,88978.65,81,143044.2000,43056.3000
7,Touring Bikes,"Touring-1000 Yellow, 46",1430.4420,100,143044.2000,7207270.56,88978.65,81,143044.2000,43056.3000
7,Touring Bikes,"Touring-1000 Blue, 60",1430.4420,100,143044.2000,7207270.56,88978.65,81,143044.2000,43056.3000
7,Touring Bikes,"Touring-3000 Blue, 44",445.4100,100,44541.0000,7207270.56,88978.65,81,143044.2000,43056.3000
7,Touring Bikes,"Touring-1000 Blue, 50",1430.4420,100,143044.2000,7207270.56,88978.65,81,143044.2000,43056.3000
7,Touring Bikes,"Touring-2000 Blue, 46",728.9100,100,72891.0000,7207270.56,88978.65,81,143044.2000,43056.3000
7,Touring Bikes,"Touring-1000 Yellow, 54",1430.4420,100,143044.2000,7207270.56,88978.65,81,143044.2000,43056.3000
7,Touring Bikes,"Touring-3000 Blue, 62",445.4100,100,44541.0000,7207270.56,88978.65,81,143044.2000,43056.3000
7,Touring Bikes,"Touring-3000 Blue, 58",445.4100,100,44541.0000,7207270.56,88978.65,81,143044.2000,43056.3000
7,Touring Bikes,"Touring-1000 Blue, 54",1430.4420,100,143044.2000,7207270.56,88978.65,81,143044.2000,43056.3000
7,Touring Bikes,"Touring-1000 Blue, 46",1430.4420,100,143044.2000,7207270.56,88978.65,81,143044.2000,43056.3000
7,Touring Bikes,"Touring-2000 Blue, 54",728.9100,100,72891.0000,7207270.56,88978.65,81,143044.2000,43056.3000
7,Touring Bikes,"Touring-3000 Blue, 54",445.4100,100,44541.0000,7207270.56,88978.65,81,143044.2000,43056.3000
7,Touring Bikes,"Touring-2000 Blue, 50",728.9100,100,72891.0000,7207270.56,88978.65,81,143044.2000,43056.3000
7,Touring Bikes,"Touring-2000 Blue, 60",728.9100,100,72891.0000,7207270.56,88978.65,81,143044.2000,43056.3000
7,Touring Bikes,"Touring-1000 Yellow, 50",1430.4420,100,143044.2000,7207270.56,88978.65,81,143044.2000,43056.3000
7,Touring Bikes,"Touring-3000 Yellow, 58",445.4100,100,44541.0000,7207270.56,88978.65,81,143044.2000,43056.3000
7,Touring Bikes,"Touring-3000 Blue, 50",445.4100,100,44541.0000,7207270.56,88978.65,81,143044.2000,43056.3000
7,Touring Bikes,"Touring-1000 Yellow, 46",1430.4420,100,143044.2000,7207270.56,88978.65,81,143044.2000,43056.3000
7,Touring Bikes,"Touring-3000 Yellow, 62",445.4100,100,44541.0000,7207270.56,88978.65,81,143044.2000,43056.3000
7,Touring Bikes,"Touring-3000 Yellow, 44",445.4100,100,44541.0000,7207270.56,88978.65,81,143044.2000,43056.3000
5,Mountain Bikes,"Mountain-400-W Silver, 46",461.6940,100,46169.4000,4894905.60,69927.22,70,139199.4000,11299.8000
5,Mountain Bikes,"Mountain-500 Silver, 52",112.9980,100,11299.8000,4894905.60,69927.22,70,139199.4000,11299.8000
5,Mountain Bikes,"Mountain-500 Black, 42",323.9940,100,32399.4000,4894905.60,69927.22,70,139199.4000,11299.8000
5,Mountain Bikes,"Mountain-200 Black, 38",1376.9940,100,137699.4000,4894905.60,69927.22,70,139199.4000,11299.8000
5,Mountain Bikes,"Mountain-200 Silver, 42",1391.9940,100,139199.4000,4894905.60,69927.22,70,139199.4000,11299.8000
5,Mountain Bikes,"Mountain-500 Silver, 42",112.9980,100,11299.8000,4894905.60,69927.22,70,139199.4000,11299.8000
5,Mountain Bikes,"Mountain-500 Black, 40",323.9940,100,32399.4000,4894905.60,69927.22,70,139199.4000,11299.8000
5,Mountain Bikes,"Mountain-500 Black, 44",323.9940,100,32399.4000,4894905.60,69927.22,70,139199.4000,11299.8000
5,Mountain Bikes,"Mountain-500 Black, 48",323.9940,100,32399.4000,4894905.60,69927.22,70,139199.4000,11299.8000
5,Mountain Bikes,"Mountain-500 Black, 52",323.9940,100,32399.4000,4894905.60,69927.22,70,139199.4000,11299.8000
5,Mountain Bikes,"Mountain-500 Silver, 40",112.9980,100,11299.8000,4894905.60,69927.22,70,139199.4000,11299.8000
5,Mountain Bikes,"Mountain-500 Silver, 44",112.9980,100,11299.8000,4894905.60,69927.22,70,139199.4000,11299.8000
5,Mountain Bikes,"Mountain-500 Silver, 48",112.9980,100,11299.8000,4894905.60,69927.22,70,139199.4000,11299.8000
5,Mountain Bikes,"Mountain-400-W Silver, 40",461.6940,100,46169.4000,4894905.60,69927.22,70,139199.4000,11299.8000
5,Mountain Bikes,"Mountain-400-W Silver, 42",461.6940,100,46169.4000,4894905.60,69927.22,70,139199.4000,11299.8000
5,Mountain Bikes,"Mountain-200 Black, 42",1376.9940,100,137699.4000,4894905.60,69927.22,70,139199.4000,11299.8000
5,Mountain Bikes,"Mountain-200 Black, 38",1376.9940,100,137699.4000,4894905.60,69927.22,70,139199.4000,11299.8000
5,Mountain Bikes,"Mountain-400-W Silver, 46",461.6940,100,46169.4000,4894905.60,69927.22,70,139199.4000,11299.8000
5,Mountain Bikes,"Mountain-200 Silver, 46",1391.9940,100,139199.4000,4894905.60,69927.22,70,139199.4000,11299.8000
5,Mountain Bikes,"Mountain-400-W Silver, 38",461.6940,100,46169.4000,4894905.60,69927.22,70,139199.4000,11299.8000
5,Mountain Bikes,"Mountain-500 Silver, 42",112.9980,100,11299.8000,4894905.60,69927.22,70,139199.4000,11299.8000
5,Mountain Bikes,"Mountain-200 Black, 38",1376.9940,100,137699.4000,4894905.60,69927.22,70,139199.4000,11299.8000
5,Mountain Bikes,"Mountain-200 Black, 46",1376.9940,100,137699.4000,4894905.60,69927.22,70,139199.4000,11299.8000
5,Mountain Bikes,"Mountain-500 Black, 42",323.9940,100,32399.4000,4894905.60,69927.22,70,139199.4000,11299.8000
5,Mountain Bikes,"Mountain-500 Black, 48",323.9940,100,32399.4000,4894905.60,69927.22,70,139199.4000,11299.8000
5,Mountain Bikes,"Mountain-500 Silver, 40",112.9980,100,11299.8000,4894905.60,69927.22,70,139199.4000,11299.8000
5,Mountain Bikes,"Mountain-200 Silver, 38",1391.9940,100,139199.4000,4894905.60,69927.22,70,139199.4000,11299.8000
5,Mountain Bikes,"Mountain-200 Silver, 42",1391.9940,100,139199.4000,4894905.60,69927.22,70,139199.4000,11299.8000
5,Mountain Bikes,"Mountain-500 Silver, 52",112.9980,100,11299.8000,4894905.60,69927.22,70,139199.4000,11299.8000
5,Mountain Bikes,"Mountain-200 Silver, 42",1391.9940,100,139199.4000,4894905.60,69927.22,70,139199.4000,11299.8000
5,Mountain Bikes,"Mountain-200 Silver, 46",1391.9940,100,139199.4000,4894905.60,69927.22,70,139199.4000,11299.8000
5,Mountain Bikes,"Mountain-200 Black, 42",1376.9940,100,137699.4000,4894905.60,69927.22,70,139199.4000,11299.8000
5,Mountain Bikes,"Mountain-200 Black, 46",1376.9940,100,137699.4000,4894905.60,69927.22,70,139199.4000,11299.8000
5,Mountain Bikes,"Mountain-200 Black, 38",1376.9940,100,137699.4000,4894905.60,69927.22,70,139199.4000,11299.8000
5,Mountain Bikes,"Mountain-200 Silver, 38",1391.9940,100,139199.4000,4894905.60,69927.22,70,139199.4000,11299.8000
5,Mountain Bikes,"Mountain-500 Silver, 40",112.9980,100,11299.8000,4894905.60,69927.22,70,139199.4000,11299.8000
5,Mountain Bikes,"Mountain-400-W Silver, 40",461.6940,100,46169.4000,4894905.60,69927.22,70,139199.4000,11299.8000
5,Mountain Bikes,"Mountain-500 Silver, 52",112.9980,100,11299.8000,4894905.60,69927.22,70,139199.4000,11299.8000
5,Mountain Bikes,"Mountain-400-W Silver, 40",461.6940,100,46169.4000,4894905.60,69927.22,70,139199.4000,11299.8000
5,Mountain Bikes,"Mountain-200 Silver, 42",1391.9940,100,139199.4000,4894905.60,69927.22,70,139199.4000,11299.8000
5,Mountain Bikes,"Mountain-400-W Silver, 40",461.6940,100,46169.4000,4894905.60,69927.22,70,139199.4000,11299.8000
5,Mountain Bikes,"Mountain-500 Silver, 48",112.9980,100,11299.8000,4894905.60,69927.22,70,139199.4000,11299.8000
5,Mountain Bikes,"Mountain-200 Black, 42",1376.9940,100,137699.4000,4894905.60,69927.22,70,139199.4000,11299.8000
5,Mountain Bikes,"Mountain-200 Silver, 46",1391.9940,100,139199.4000,4894905.60,69927.22,70,139199.4000,11299.8000
5,Mountain Bikes,"Mountain-500 Black, 48",323.9940,100,32399.4000,4894905.60,69927.22,70,139199.4000,11299.8000
5,Mountain Bikes,"Mountain-400-W Silver, 38",461.6940,100,46169.4000,4894905.60,69927.22,70,139199.4000,11299.8000
5,Mountain Bikes,"Mountain-500 Black, 40",323.9940,100,32399.4000,4894905.60,69927.22,70,139199.4000,11299.8000
5,Mountain Bikes,"Mountain-500 Silver, 40",112.9980,100,11299.8000,4894905.60,69927.22,70,139199.4000,11299.8000
5,Mountain Bikes,"Mountain-400-W Silver, 42",461.6940,100,46169.4000,4894905.60,69927.22,70,139199.4000,11299.8000
5,Mountain Bikes,"Mountain-200 Black, 38",1376.9940,100,137699.4000,4894905.60,69927.22,70,139199.4000,11299.8000
5,Mountain Bikes,"Mountain-200 Black, 46",1376.9940,100,137699.4000,4894905.60,69927.22,70,139199.4000,11299.8000
5,Mountain Bikes,"Mountain-500 Black, 52",323.9940,100,32399.4000,4894905.60,69927.22,70,139199.4000,11299.8000
5,Mountain Bikes,"Mountain-500 Silver, 52",112.9980,100,11299.8000,4894905.60,69927.22,70,139199.4000,11299.8000
5,Mountain Bikes,"Mountain-200 Silver, 38",1391.9940,100,139199.4000,4894905.60,69927.22,70,139199.4000,11299.8000
5,Mountain Bikes,"Mountain-500 Black, 44",323.9940,100,32399.4000,4894905.60,69927.22,70,139199.4000,11299.8000
5,Mountain Bikes,"Mountain-500 Silver, 42",112.9980,100,11299.8000,4894905.60,69927.22,70,139199.4000,11299.8000
5,Mountain Bikes,"Mountain-500 Silver, 44",112.9980,100,11299.8000,4894905.60,69927.22,70,139199.4000,11299.8000
5,Mountain Bikes,"Mountain-400-W Silver, 46",461.6940,100,46169.4000,4894905.60,69927.22,70,139199.4000,11299.8000
5,Mountain Bikes,"Mountain-500 Silver, 42",112.9980,100,11299.8000,4894905.60,69927.22,70,139199.4000,11299.8000
5,Mountain Bikes,"Mountain-500 Black, 48",323.9940,100,32399.4000,4894905.60,69927.22,70,139199.4000,11299.8000
5,Mountain Bikes,"Mountain-200 Silver, 42",1391.9940,100,139199.4000,4894905.60,69927.22,70,139199.4000,11299.8000
5,Mountain Bikes,"Mountain-200 Black, 42",1376.9940,100,137699.4000,4894905.60,69927.22,70,139199.4000,11299.8000
5,Mountain Bikes,"Mountain-200 Black, 46",1376.9940,100,137699.4000,4894905.60,69927.22,70,139199.4000,11299.8000
5,Mountain Bikes,"Mountain-400-W Silver, 40",461.6940,100,46169.4000,4894905.60,69927.22,70,139199.4000,11299.8000
5,Mountain Bikes,"Mountain-200 Silver, 38",1391.9940,100,139199.4000,4894905.60,69927.22,70,139199.4000,11299.8000
5,Mountain Bikes,"Mountain-200 Black, 38",1376.9940,100,137699.4000,4894905.60,69927.22,70,139199.4000,11299.8000
5,Mountain Bikes,"Mountain-500 Silver, 40",112.9980,100,11299.8000,4894905.60,69927.22,70,139199.4000,11299.8000
5,Mountain Bikes,"Mountain-500 Silver, 48",112.9980,100,11299.8000,4894905.60,69927.22,70,139199.4000,11299.8000
5,Mountain Bikes,"Mountain-200 Silver, 46",1391.9940,100,139199.4000,4894905.60,69927.22,70,139199.4000,11299.8000
5,Mountain Bikes,"Mountain-500 Silver, 52",112.9980,100,11299.8000,4894905.60,69927.22,70,139199.4000,11299.8000
25,Jerseys,"Long-Sleeve Logo Jersey, M",29.9940,100,2999.4000,136835.77,3109.90,44,3239.4000,2749.4500
25,Jerseys,"Short-Sleeve Classic Jersey, XL",32.3940,100,3239.4000,136835.77,3109.90,44,3239.4000,2749.4500
25,Jerseys,"Long-Sleeve Logo Jersey, L",29.9940,100,2999.4000,136835.77,3109.90,44,3239.4000,2749.4500
25,Jerseys,"Short-Sleeve Classic Jersey, S",32.3940,100,3239.4000,136835.77,3109.90,44,3239.4000,2749.4500
25,Jerseys,"Short-Sleeve Classic Jersey, L",32.3940,100,3239.4000,136835.77,3109.90,44,3239.4000,2749.4500
25,Jerseys,"Long-Sleeve Logo Jersey, M",29.9940,100,2999.4000,136835.77,3109.90,44,3239.4000,2749.4500
25,Jerseys,"Short-Sleeve Classic Jersey, S",32.3940,100,3239.4000,136835.77,3109.90,44,3239.4000,2749.4500
25,Jerseys,"Short-Sleeve Classic Jersey, L",31.3142,100,3131.4200,136835.77,3109.90,44,3239.4000,2749.4500
25,Jerseys,"Short-Sleeve Classic Jersey, XL",32.3940,100,3239.4000,136835.77,3109.90,44,3239.4000,2749.4500
25,Jerseys,"Long-Sleeve Logo Jersey, L",27.4945,100,2749.4500,136835.77,3109.90,44,3239.4000,2749.4500
25,Jerseys,"Long-Sleeve Logo Jersey, XL",29.9940,100,2999.4000,136835.77,3109.90,44,3239.4000,2749.4500
25,Jerseys,"Long-Sleeve Logo Jersey, M",29.9940,100,2999.4000,136835.77,3109.90,44,3239.4000,2749.4500
25,Jerseys,"Long-Sleeve Logo Jersey, XL",29.9940,100,2999.4000,136835.77,3109.90,44,3239.4000,2749.4500
25,Jerseys,"Long-Sleeve Logo Jersey, L",29.9940,100,2999.4000,136835.77,3109.90,44,3239.4000,2749.4500
25,Jerseys,"Short-Sleeve Classic Jersey, S",32.3940,100,3239.4000,136835.77,3109.90,44,3239.4000,2749.4500
25,Jerseys,"Short-Sleeve Classic Jersey, L",32.3940,100,3239.4000,136835.77,3109.90,44,3239.4000,2749.4500
25,Jerseys,"Short-Sleeve Classic Jersey, XL",32.3940,100,3239.4000,136835.77,3109.90,44,3239.4000,2749.4500
25,Jerseys,"Long-Sleeve Logo Jersey, M",29.9940,100,2999.4000,136835.77,3109.90,44,3239.4000,2749.4500
25,Jerseys,"Short-Sleeve Classic Jersey, L",29.6945,100,2969.4500,136835.77,3109.90,44,3239.4000,2749.4500
25,Jerseys,"Long-Sleeve Logo Jersey, L",29.9940,100,2999.4000,136835.77,3109.90,44,3239.4000,2749.4500
25,Jerseys,"Long-Sleeve Logo Jersey, XL",29.9940,100,2999.4000,136835.77,3109.90,44,3239.4000,2749.4500
25,Jerseys,"Short-Sleeve Classic Jersey, XL",29.6945,100,2969.4500,136835.77,3109.90,44,3239.4000,2749.4500
25,Jerseys,"Short-Sleeve Classic Jersey, S",32.3940,100,3239.4000,136835.77,3109.90,44,3239.4000,2749.4500
25,Jerseys,"Long-Sleeve Logo Jersey, L",29.9940,100,2999.4000,136835.77,3109.90,44,3239.4000,2749.4500
25,Jerseys,"Short-Sleeve Classic Jersey, L",32.3940,100,3239.4000,136835.77,3109.90,44,3239.4000,2749.4500
25,Jerseys,"Long-Sleeve Logo Jersey, L",29.9940,100,2999.4000,136835.77,3109.90,44,3239.4000,2749.4500
25,Jerseys,"Long-Sleeve Logo Jersey, L",29.9940,100,2999.4000,136835.77,3109.90,44,3239.4000,2749.4500
25,Jerseys,"Short-Sleeve Classic Jersey, L",32.3940,100,3239.4000,136835.77,3109.90,44,3239.4000,2749.4500
25,Jerseys,"Short-Sleeve Classic Jersey, XL",32.3940,100,3239.4000,136835.77,3109.90,44,3239.4000,2749.4500
25,Jerseys,"Long-Sleeve Logo Jersey, L",29.9940,100,2999.4000,136835.77,3109.90,44,3239.4000,2749.4500
25,Jerseys,"Short-Sleeve Classic Jersey, XL",32.3940,100,3239.4000,136835.77,3109.90,44,3239.4000,2749.4500
25,Jerseys,"Short-Sleeve Classic Jersey, S",32.3940,100,3239.4000,136835.77,3109.90,44,3239.4000,2749.4500
25,Jerseys,"Long-Sleeve Logo Jersey, M",29.9940,100,2999.4000,136835.77,3109.90,44,3239.4000,2749.4500
25,Jerseys,"Long-Sleeve Logo Jersey, L",29.9940,100,2999.4000,136835.77,3109.90,44,3239.4000,2749.4500
25,Jerseys,"Long-Sleeve Logo Jersey, M",29.9940,100,2999.4000,136835.77,3109.90,44,3239.4000,2749.4500
25,Jerseys,"Short-Sleeve Classic Jersey, L",32.3940,100,3239.4000,136835.77,3109.90,44,3239.4000,2749.4500
25,Jerseys,"Short-Sleeve Classic Jersey, S",32.3940,100,3239.4000,136835.77,3109.90,44,3239.4000,2749.4500
25,Jerseys,"Short-Sleeve Classic Jersey, XL",32.3940,100,3239.4000,136835.77,3109.90,44,3239.4000,2749.4500
25,Jerseys,"Short-Sleeve Classic Jersey, XL",32.3940,100,3239.4000,136835.77,3109.90,44,3239.4000,2749.4500
25,Jerseys,"Short-Sleeve Classic Jersey, XL",32.3940,100,3239.4000,136835.77,3109.90,44,3239.4000,2749.4500
25,Jerseys,"Long-Sleeve Logo Jersey, M",29.9940,100,2999.4000,136835.77,3109.90,44,3239.4000,2749.4500
25,Jerseys,"Short-Sleeve Classic Jersey, L",32.3940,100,3239.4000,136835.77,3109.90,44,3239.4000,2749.4500
25,Jerseys,"Long-Sleeve Logo Jersey, L",29.9940,100,2999.4000,136835.77,3109.90,44,3239.4000,2749.4500
25,Jerseys,"Short-Sleeve Classic Jersey, S",32.3940,100,3239.4000,136835.77,3109.90,44,3239.4000,2749.4500
9,Bottom Brackets,HL Bottom Bracket,72.8940,100,7289.4000,38875.80,5553.69,7,7289.4000,3239.4000
9,Bottom Brackets,LL Bottom Bracket,32.3940,100,3239.4000,38875.80,5553.69,7,7289.4000,3239.4000
9,Bottom Brackets,HL Bottom Bracket,72.8940,100,7289.4000,38875.80,5553.69,7,7289.4000,3239.4000
9,Bottom Brackets,HL Bottom Bracket,72.8940,100,7289.4000,38875.80,5553.69,7,7289.4000,3239.4000
9,Bottom Brackets,LL Bottom Bracket,32.3940,100,3239.4000,38875.80,5553.69,7,7289.4000,3239.4000
9,Bottom Brackets,HL Bottom Bracket,72.8940,100,7289.4000,38875.80,5553.69,7,7289.4000,3239.4000
9,Bottom Brackets,LL Bottom Bracket,32.3940,100,3239.4000,38875.80,5553.69,7,7289.4000,3239.4000
17,Pedals,HL Mountain Pedal,48.5940,100,4859.4000,105120.60,3624.85,29,4859.4000,2429.4000
17,Pedals,LL Mountain Pedal,24.2940,100,2429.4000,105120.60,3624.85,29,4859.4000,2429.4000
17,Pedals,ML Road Pedal,37.2540,100,3725.4000,105120.60,3624.85,29,4859.4000,2429.4000
17,Pedals,LL Road Pedal,24.2940,100,2429.4000,105120.60,3624.85,29,4859.4000,2429.4000
17,Pedals,HL Road Pedal,48.5940,100,4859.4000,105120.60,3624.85,29,4859.4000,2429.4000
17,Pedals,HL Road Pedal,48.5940,100,4859.4000,105120.60,3624.85,29,4859.4000,2429.4000
17,Pedals,ML Road Pedal,37.2540,100,3725.4000,105120.60,3624.85,29,4859.4000,2429.4000
17,Pedals,LL Road Pedal,24.2940,100,2429.4000,105120.60,3624.85,29,4859.4000,2429.4000
17,Pedals,HL Mountain Pedal,48.5940,100,4859.4000,105120.60,3624.85,29,4859.4000,2429.4000
17,Pedals,ML Mountain Pedal,37.2540,100,3725.4000,105120.60,3624.85,29,4859.4000,2429.4000
17,Pedals,LL Mountain Pedal,24.2940,100,2429.4000,105120.60,3624.85,29,4859.4000,2429.4000
17,Pedals,HL Mountain Pedal,48.5940,100,4859.4000,105120.60,3624.85,29,4859.4000,2429.4000
17,Pedals,ML Mountain Pedal,37.2540,100,3725.4000,105120.60,3624.85,29,4859.4000,2429.4000
17,Pedals,LL Road Pedal,24.2940,100,2429.4000,105120.60,3624.85,29,4859.4000,2429.4000
17,Pedals,HL Mountain Pedal,48.5940,100,4859.4000,105120.60,3624.85,29,4859.4000,2429.4000
17,Pedals,HL Mountain Pedal,48.5940,100,4859.4000,105120.60,3624.85,29,4859.4000,2429.4000
17,Pedals,LL Mountain Pedal,24.2940,100,2429.4000,105120.60,3624.85,29,4859.4000,2429.4000
17,Pedals,ML Mountain Pedal,37.2540,100,3725.4000,105120.60,3624.85,29,4859.4000,2429.4000
17,Pedals,LL Road Pedal,24.2940,100,2429.4000,105120.60,3624.85,29,4859.4000,2429.4000
17,Pedals,ML Road Pedal,37.2540,100,3725.4000,105120.60,3624.85,29,4859.4000,2429.4000
17,Pedals,HL Road Pedal,48.5940,100,4859.4000,105120.60,3624.85,29,4859.4000,2429.4000
17,Pedals,LL Road Pedal,24.2940,100,2429.4000,105120.60,3624.85,29,4859.4000,2429.4000
17,Pedals,LL Road Pedal,24.2940,100,2429.4000,105120.60,3624.85,29,4859.4000,2429.4000
17,Pedals,LL Mountain Pedal,24.2940,100,2429.4000,105120.60,3624.85,29,4859.4000,2429.4000
17,Pedals,HL Mountain Pedal,48.5940,100,4859.4000,105120.60,3624.85,29,4859.4000,2429.4000
17,Pedals,ML Mountain Pedal,37.2540,100,3725.4000,105120.60,3624.85,29,4859.4000,2429.4000
17,Pedals,LL Road Pedal,24.2940,100,2429.4000,105120.60,3624.85,29,4859.4000,2429.4000
17,Pedals,HL Road Pedal,48.5940,100,4859.4000,105120.60,3624.85,29,4859.4000,2429.4000
17,Pedals,ML Road Pedal,37.2540,100,3725.4000,105120.60,3624.85,29,4859.4000,2429.4000
18,Road Frames,"ML Road Frame-W - Yellow, 48",356.8980,100,35689.8000,1049560.20,43731.68,24,85890.0000,20233.2000
18,Road Frames,"ML Road Frame-W - Yellow, 38",356.8980,100,35689.8000,1049560.20,43731.68,24,85890.0000,20233.2000
18,Road Frames,"LL Road Frame - Black, 52",202.3320,100,20233.2000,1049560.20,43731.68,24,85890.0000,20233.2000
18,Road Frames,"ML Road Frame-W - Yellow, 38",356.8980,100,35689.8000,1049560.20,43731.68,24,85890.0000,20233.2000
18,Road Frames,"LL Road Frame - Black, 58",202.3320,100,20233.2000,1049560.20,43731.68,24,85890.0000,20233.2000
18,Road Frames,"ML Road Frame-W - Yellow, 44",356.8980,100,35689.8000,1049560.20,43731.68,24,85890.0000,20233.2000
18,Road Frames,"ML Road Frame-W - Yellow, 48",356.8980,100,35689.8000,1049560.20,43731.68,24,85890.0000,20233.2000
18,Road Frames,"HL Road Frame - Black, 44",858.9000,100,85890.0000,1049560.20,43731.68,24,85890.0000,20233.2000
18,Road Frames,"HL Road Frame - Red, 44",858.9000,100,85890.0000,1049560.20,43731.68,24,85890.0000,20233.2000
18,Road Frames,"HL Road Frame - Black, 44",858.9000,100,85890.0000,1049560.20,43731.68,24,85890.0000,20233.2000
18,Road Frames,"LL Road Frame - Black, 52",202.3320,100,20233.2000,1049560.20,43731.68,24,85890.0000,20233.2000
18,Road Frames,"LL Road Frame - Black, 58",202.3320,100,20233.2000,1049560.20,43731.68,24,85890.0000,20233.2000
18,Road Frames,"ML Road Frame-W - Yellow, 44",356.8980,100,35689.8000,1049560.20,43731.68,24,85890.0000,20233.2000
18,Road Frames,"HL Road Frame - Red, 44",858.9000,100,85890.0000,1049560.20,43731.68,24,85890.0000,20233.2000
18,Road Frames,"HL Road Frame - Red, 62",858.9000,100,85890.0000,1049560.20,43731.68,24,85890.0000,20233.2000
18,Road Frames,"ML Road Frame-W - Yellow, 48",356.8980,100,35689.8000,1049560.20,43731.68,24,85890.0000,20233.2000
18,Road Frames,"ML Road Frame-W - Yellow, 38",356.8980,100,35689.8000,1049560.20,43731.68,24,85890.0000,20233.2000
18,Road Frames,"LL Road Frame - Black, 52",202.3320,100,20233.2000,1049560.20,43731.68,24,85890.0000,20233.2000
18,Road Frames,"ML Road Frame-W - Yellow, 44",356.8980,100,35689.8000,1049560.20,43731.68,24,85890.0000,20233.2000
18,Road Frames,"HL Road Frame - Red, 62",858.9000,100,85890.0000,1049560.20,43731.68,24,85890.0000,20233.2000
18,Road Frames,"ML Road Frame-W - Yellow, 48",356.8980,100,35689.8000,1049560.20,43731.68,24,85890.0000,20233.2000
18,Road Frames,"LL Road Frame - Black, 52",202.3320,100,20233.2000,1049560.20,43731.68,24,85890.0000,20233.2000
18,Road Frames,"ML Road Frame-W - Yellow, 44",356.8980,100,35689.8000,1049560.20,43731.68,24,85890.0000,20233.2000
18,Road Frames,"LL Road Frame - Black, 52",202.3320,100,20233.2000,1049560.20,43731.68,24,85890.0000,20233.2000
23,Caps,AWC Logo Cap,5.3940,100,539.4000,4836.62,537.40,9,539.4000,521.4200
23,Caps,AWC Logo Cap,5.2142,100,521.4200,4836.62,537.40,9,539.4000,521.4200
23,Caps,AWC Logo Cap,5.3940,100,539.4000,4836.62,537.40,9,539.4000,521.4200
23,Caps,AWC Logo Cap,5.3940,100,539.4000,4836.62,537.40,9,539.4000,521.4200
23,Caps,AWC Logo Cap,5.3940,100,539.4000,4836.62,537.40,9,539.4000,521.4200
23,Caps,AWC Logo Cap,5.3940,100,539.4000,4836.62,537.40,9,539.4000,521.4200
23,Caps,AWC Logo Cap,5.3940,100,539.4000,4836.62,537.40,9,539.4000,521.4200
23,Caps,AWC Logo Cap,5.3940,100,539.4000,4836.62,537.40,9,539.4000,521.4200
23,Caps,AWC Logo Cap,5.3940,100,539.4000,4836.62,537.40,9,539.4000,521.4200
10,Brakes,Rear Brakes,63.9000,100,6390.0000,51120.00,6390.00,8,6390.0000,6390.0000
10,Brakes,Front Brakes,63.9000,100,6390.0000,51120.00,6390.00,8,6390.0000,6390.0000
10,Brakes,Front Brakes,63.9000,100,6390.0000,51120.00,6390.00,8,6390.0000,6390.0000
10,Brakes,Front Brakes,63.9000,100,6390.0000,51120.00,6390.00,8,6390.0000,6390.0000
10,Brakes,Front Brakes,63.9000,100,6390.0000,51120.00,6390.00,8,6390.0000,6390.0000
10,Brakes,Front Brakes,63.9000,100,6390.0000,51120.00,6390.00,8,6390.0000,6390.0000
10,Brakes,Front Brakes,63.9000,100,6390.0000,51120.00,6390.00,8,6390.0000,6390.0000
10,Brakes,Front Brakes,63.9000,100,6390.0000,51120.00,6390.00,8,6390.0000,6390.0000
12,Cranksets,HL Crankset,242.9940,100,24299.4000,128785.80,18397.97,7,24299.4000,10529.4000
12,Cranksets,LL Crankset,105.2940,100,10529.4000,128785.80,18397.97,7,24299.4000,10529.4000
12,Cranksets,HL Crankset,242.9940,100,24299.4000,128785.80,18397.97,7,24299.4000,10529.4000
12,Cranksets,LL Crankset,105.2940,100,10529.4000,128785.80,18397.97,7,24299.4000,10529.4000
12,Cranksets,HL Crankset,242.9940,100,24299.4000,128785.80,18397.97,7,24299.4000,10529.4000
12,Cranksets,HL Crankset,242.9940,100,24299.4000,128785.80,18397.97,7,24299.4000,10529.4000
12,Cranksets,LL Crankset,105.2940,100,10529.4000,128785.80,18397.97,7,24299.4000,10529.4000
41,Tires and Tubes,Patch Kit/8 Patches,1.3740,100,137.4000,412.20,137.40,3,137.4000,137.4000
41,Tires and Tubes,Patch Kit/8 Patches,1.3740,100,137.4000,412.20,137.40,3,137.4000,137.4000
41,Tires and Tubes,Patch Kit/8 Patches,1.3740,100,137.4000,412.20,137.40,3,137.4000,137.4000
24,Gloves,"Half-Finger Gloves, M",14.6940,100,1469.4000,17632.80,1469.40,12,1469.4000,1469.4000
24,Gloves,"Half-Finger Gloves, M",14.6940,100,1469.4000,17632.80,1469.40,12,1469.4000,1469.4000
24,Gloves,"Half-Finger Gloves, S",14.6940,100,1469.4000,17632.80,1469.40,12,1469.4000,1469.4000
24,Gloves,"Half-Finger Gloves, L",14.6940,100,1469.4000,17632.80,1469.40,12,1469.4000,1469.4000
24,Gloves,"Half-Finger Gloves, S",14.6940,100,1469.4000,17632.80,1469.40,12,1469.4000,1469.4000
24,Gloves,"Half-Finger Gloves, M",14.6940,100,1469.4000,17632.80,1469.40,12,1469.4000,1469.4000
24,Gloves,"Half-Finger Gloves, L",14.6940,100,1469.4000,17632.80,1469.40,12,1469.4000,1469.4000
24,Gloves,"Half-Finger Gloves, M",14.6940,100,1469.4000,17632.80,1469.40,12,1469.4000,1469.4000
24,Gloves,"Half-Finger Gloves, S",14.6940,100,1469.4000,17632.80,1469.40,12,1469.4000,1469.4000
24,Gloves,"Half-Finger Gloves, M",14.6940,100,1469.4000,17632.80,1469.40,12,1469.4000,1469.4000
24,Gloves,"Half-Finger Gloves, L",14.6940,100,1469.4000,17632.80,1469.40,12,1469.4000,1469.4000
24,Gloves,"Half-Finger Gloves, M",14.6940,100,1469.4000,17632.80,1469.40,12,1469.4000,1469.4000
11,Chains,Chain,12.1440,100,1214.4000,4857.60,1214.40,4,1214.4000,1214.4000
11,Chains,Chain,12.1440,100,1214.4000,4857.60,1214.40,4,1214.4000,1214.4000
11,Chains,Chain,12.1440,100,1214.4000,4857.60,1214.40,4,1214.4000,1214.4000
11,Chains,Chain,12.1440,100,1214.4000,4857.60,1214.40,4,1214.4000,1214.4000
33,Cleaners,Bike Wash - Dissolver,4.7700,100,477.0000,3299.25,471.32,7,477.0000,437.2500
33,Cleaners,Bike Wash - Dissolver,4.7700,100,477.0000,3299.25,471.32,7,477.0000,437.2500
33,Cleaners,Bike Wash - Dissolver,4.7700,100,477.0000,3299.25,471.32,7,477.0000,437.2500
33,Cleaners,Bike Wash - Dissolver,4.3725,100,437.2500,3299.25,471.32,7,477.0000,437.2500
33,Cleaners,Bike Wash - Dissolver,4.7700,100,477.0000,3299.25,471.32,7,477.0000,437.2500
33,Cleaners,Bike Wash - Dissolver,4.7700,100,477.0000,3299.25,471.32,7,477.0000,437.2500
33,Cleaners,Bike Wash - Dissolver,4.7700,100,477.0000,3299.25,471.32,7,477.0000,437.2500
30,Bike Racks,Hitch Rack - 4-Bike,72.0000,100,7200.0000,57600.00,7200.00,8,7200.0000,7200.0000
30,Bike Racks,Hitch Rack - 4-Bike,72.0000,100,7200.0000,57600.00,7200.00,8,7200.0000,7200.0000
30,Bike Racks,Hitch Rack - 4-Bike,72.0000,100,7200.0000,57600.00,7200.00,8,7200.0000,7200.0000
30,Bike Racks,Hitch Rack - 4-Bike,72.0000,100,7200.0000,57600.00,7200.00,8,7200.0000,7200.0000
30,Bike Racks,Hitch Rack - 4-Bike,72.0000,100,7200.0000,57600.00,7200.00,8,7200.0000,7200.0000
30,Bike Racks,Hitch Rack - 4-Bike,72.0000,100,7200.0000,57600.00,7200.00,8,7200.0000,7200.0000
30,Bike Racks,Hitch Rack - 4-Bike,72.0000,100,7200.0000,57600.00,7200.00,8,7200.0000,7200.0000
30,Bike Racks,Hitch Rack - 4-Bike,72.0000,100,7200.0000,57600.00,7200.00,8,7200.0000,7200.0000
13,Derailleurs,Rear Derailleur,72.8760,100,7287.6000,47511.60,5938.95,8,7287.6000,5489.4000
13,Derailleurs,Front Derailleur,54.8940,100,5489.4000,47511.60,5938.95,8,7287.6000,5489.4000
13,Derailleurs,Front Derailleur,54.8940,100,5489.4000,47511.60,5938.95,8,7287.6000,5489.4000
13,Derailleurs,Front Derailleur,54.8940,100,5489.4000,47511.60,5938.95,8,7287.6000,5489.4000
13,Derailleurs,Front Derailleur,54.8940,100,5489.4000,47511.60,5938.95,8,7287.6000,5489.4000
13,Derailleurs,Front Derailleur,54.8940,100,5489.4000,47511.60,5938.95,8,7287.6000,5489.4000
13,Derailleurs,Front Derailleur,54.8940,100,5489.4000,47511.60,5938.95,8,7287.6000,5489.4000
13,Derailleurs,Rear Derailleur,72.8760,100,7287.6000,47511.60,5938.95,8,7287.6000,5489.4000
36,Hydration Packs,Hydration Pack - 70 oz.,32.9940,100,3299.4000,23095.80,3299.40,7,3299.4000,3299.4000
36,Hydration Packs,Hydration Pack - 70 oz.,32.9940,100,3299.4000,23095.80,3299.40,7,3299.4000,3299.4000
36,Hydration Packs,Hydration Pack - 70 oz.,32.9940,100,3299.4000,23095.80,3299.40,7,3299.4000,3299.4000
36,Hydration Packs,Hydration Pack - 70 oz.,32.9940,100,3299.4000,23095.80,3299.40,7,3299.4000,3299.4000
36,Hydration Packs,Hydration Pack - 70 oz.,32.9940,100,3299.4000,23095.80,3299.40,7,3299.4000,3299.4000
36,Hydration Packs,Hydration Pack - 70 oz.,32.9940,100,3299.4000,23095.80,3299.40,7,3299.4000,3299.4000
36,Hydration Packs,Hydration Pack - 70 oz.,32.9940,100,3299.4000,23095.80,3299.40,7,3299.4000,3299.4000
32,Bottles and Cages,Water Bottle - 30 oz.,2.9940,100,299.4000,2075.84,296.55,7,299.4000,289.4200
32,Bottles and Cages,Water Bottle - 30 oz.,2.9940,100,299.4000,2075.84,296.55,7,299.4000,289.4200
32,Bottles and Cages,Water Bottle - 30 oz.,2.8942,100,289.4200,2075.84,296.55,7,299.4000,289.4200
32,Bottles and Cages,Water Bottle - 30 oz.,2.8942,100,289.4200,2075.84,296.55,7,299.4000,289.4200
32,Bottles and Cages,Water Bottle - 30 oz.,2.9940,100,299.4000,2075.84,296.55,7,299.4000,289.4200
32,Bottles and Cages,Water Bottle - 30 oz.,2.9940,100,299.4000,2075.84,296.55,7,299.4000,289.4200
32,Bottles and Cages,Water Bottle - 30 oz.,2.9940,100,299.4000,2075.84,296.55,7,299.4000,289.4200
